{"cameraMode":{"drawMode":0,"name":"Shaded","section":"Shading Mode"},"sceneLighting":true,"audioPlay":false,"sceneViewState":{"m_AlwaysRefresh":false,"showFog":true,"showSkybox":true,"showFlares":true,"showImageEffects":true,"showParticleSystems":true,"showVisualEffectGraphs":true,"m_FxEnabled":true},"in2DMode":false,"pivot":{"x":26.395469665527345,"y":1.775045394897461,"z":24.50933837890625},"rotation":{"x":-0.44867441058158877,"y":0.009916290640830994,"z":-0.004981382749974728,"w":-0.8936321139335632},"size":4.063289642333984,"orthographic":false}