{"cameraMode":{"drawMode":0,"name":"Shaded","section":"Shading Mode"},"sceneLighting":false,"audioPlay":false,"sceneViewState":{"m_AlwaysRefresh":false,"showFog":true,"showSkybox":false,"showFlares":true,"showImageEffects":true,"showParticleSystems":true,"showVisualEffectGraphs":true,"m_FxEnabled":true},"in2DMode":false,"pivot":{"x":28.817174911499025,"y":1.2108049392700196,"z":16.968473434448243},"rotation":{"x":-0.2858673930168152,"y":0.24566543102264405,"z":-0.07607890665531159,"w":-0.9231202602386475},"size":9.572065353393555,"orthographic":false}